STATE,STATE_CODE,YEAR,MONTH,MONTH_ID,VOL_SPEC_FUEL
Alabama,1,2022,January,1,84526284
Alabama,1,2022,February,2,72556101
Alabama,1,2022,March,3,72786317
Alabama,1,2022,April,4,88124224
Alabama,1,2022,May,5,75660861
Alabama,1,2022,June,6,77576012
Alabama,1,2022,July,7,83608141
Alabama,1,2022,August,8,74060057
Alabama,1,2022,September,9,77896033
Alabama,1,2022,October,10,86272592
Alabama,1,2022,November,11,79268541
Alabama,1,2022,December,12,74762224
Alabama,1,2021,January,1,86863402
Alabama,1,2021,February,2,76060463
Alabama,1,2021,March,3,71123473
Alabama,1,2021,April,4,95427212
Alabama,1,2021,May,5,84467666
Alabama,1,2021,June,6,81700065
Alabama,1,2021,July,7,90165825
Alabama,1,2021,August,8,78348016
Alabama,1,2021,September,9,78032016
Alabama,1,2021,October,10,85416555
Alabama,1,2021,November,11,83029358
Alabama,1,2021,December,12,79762017
Alabama,1,2020,January,1,71756656
Alabama,1,2020,February,2,69604061
Alabama,1,2020,March,3,64528328
Alabama,1,2020,April,4,71851105
Alabama,1,2020,May,5,62228986
Alabama,1,2020,June,6,64807515
Alabama,1,2020,July,7,74035794
Alabama,1,2020,August,8,72064844
Alabama,1,2020,September,9,72272433
Alabama,1,2020,October,10,81018004
Alabama,1,2020,November,11,83334635
Alabama,1,2020,December,12,76188620
Alaska,2,2022,January,1,10338805
Alaska,2,2022,February,2,12079005
Alaska,2,2022,March,3,6489019
Alaska,2,2022,April,4,5852831
Alaska,2,2022,May,5,6448938
Alaska,2,2022,June,6,15361320
Alaska,2,2022,July,7,21405223
Alaska,2,2022,August,8,24895415
Alaska,2,2022,September,9,13957650
Alaska,2,2022,October,10,13165184
Alaska,2,2022,November,11,4835134
Alaska,2,2022,December,12,8473127
Alaska,2,2021,January,1,11512518
Alaska,2,2021,February,2,11253402
Alaska,2,2021,March,3,8715309
Alaska,2,2021,April,4,10064548
Alaska,2,2021,May,5,4893857
Alaska,2,2021,June,6,8897120
Alaska,2,2021,July,7,16628043
Alaska,2,2021,August,8,25319396
Alaska,2,2021,September,9,8733414
Alaska,2,2021,October,10,9475796
Alaska,2,2021,November,11,10421217
Alaska,2,2021,December,12,10989019
Alaska,2,2020,January,1,13729314
Alaska,2,2020,February,2,3489893
Alaska,2,2020,March,3,6522262
Alaska,2,2020,April,4,4754224
Alaska,2,2020,May,5,3152511
Alaska,2,2020,June,6,9498837
Alaska,2,2020,July,7,11172803
Alaska,2,2020,August,8,28873900
Alaska,2,2020,September,9,15375562
Alaska,2,2020,October,10,11531283
Alaska,2,2020,November,11,4940255
Alaska,2,2020,December,12,4017253
Arizona,4,2022,January,1,75458277
Arizona,4,2022,February,2,87222788
Arizona,4,2022,March,3,109506640
Arizona,4,2022,April,4,82055013
Arizona,4,2022,May,5,96560743
Arizona,4,2022,June,6,95839906
Arizona,4,2022,July,7,68449033
Arizona,4,2022,August,8,94095406
Arizona,4,2022,September,9,100087605
Arizona,4,2022,October,10,72740386
Arizona,4,2022,November,11,100148140
Arizona,4,2022,December,12,96036369
Arizona,4,2021,January,1,82037786
Arizona,4,2021,February,2,86911594
Arizona,4,2021,March,3,108108200
Arizona,4,2021,April,4,78187593
Arizona,4,2021,May,5,101931813
Arizona,4,2021,June,6,101888305
Arizona,4,2021,July,7,80172360
Arizona,4,2021,August,8,88271174
Arizona,4,2021,September,9,92623683
Arizona,4,2021,October,10,76925387
Arizona,4,2021,November,11,90375893
Arizona,4,2021,December,12,87994274
Arizona,4,2020,January,1,73083047
Arizona,4,2020,February,2,81127169
Arizona,4,2020,March,3,84307528
Arizona,4,2020,April,4,58447398
Arizona,4,2020,May,5,74695279
Arizona,4,2020,June,6,80582247
Arizona,4,2020,July,7,68025494
Arizona,4,2020,August,8,90841622
Arizona,4,2020,September,9,86620789
Arizona,4,2020,October,10,82563211
Arizona,4,2020,November,11,87124565
Arizona,4,2020,December,12,89533473
Arkansas,5,2022,January,1,53788877
Arkansas,5,2022,February,2,67365657
Arkansas,5,2022,March,3,62088874
Arkansas,5,2022,April,4,52694573
Arkansas,5,2022,May,5,67853248
Arkansas,5,2022,June,6,63238633
Arkansas,5,2022,July,7,52739571
Arkansas,5,2022,August,8,68113272
Arkansas,5,2022,September,9,60388008
Arkansas,5,2022,October,10,60391203
Arkansas,5,2022,November,11,70543153
Arkansas,5,2022,December,12,57213595
Arkansas,5,2021,January,1,51050861
Arkansas,5,2021,February,2,64007199
Arkansas,5,2021,March,3,60773461
Arkansas,5,2021,April,4,56353407
Arkansas,5,2021,May,5,72752687
Arkansas,5,2021,June,6,56495669
Arkansas,5,2021,July,7,54758245
Arkansas,5,2021,August,8,74693707
Arkansas,5,2021,September,9,58685049
Arkansas,5,2021,October,10,57548390
Arkansas,5,2021,November,11,71373488
Arkansas,5,2021,December,12,59451531
Arkansas,5,2020,January,1,49906431
Arkansas,5,2020,February,2,63920012
Arkansas,5,2020,March,3,56059945
Arkansas,5,2020,April,4,46025707
Arkansas,5,2020,May,5,59129925
Arkansas,5,2020,June,6,53564765
Arkansas,5,2020,July,7,51948538
Arkansas,5,2020,August,8,63989255
Arkansas,5,2020,September,9,54618649
Arkansas,5,2020,October,10,55801812
Arkansas,5,2020,November,11,68077483
Arkansas,5,2020,December,12,56594523
California,6,2022,January,1,215107927
California,6,2022,February,2,224527158
California,6,2022,March,3,347351047
California,6,2022,April,4,234815681
California,6,2022,May,5,223864307
California,6,2022,June,6,362034194
California,6,2022,July,7,229964137
California,6,2022,August,8,250680798
California,6,2022,September,9,346339333
California,6,2022,October,10,248952896
California,6,2022,November,11,223544298
California,6,2022,December,12,411586831
California,6,2021,January,1,204193144
California,6,2021,February,2,205202825
California,6,2021,March,3,341981258
California,6,2021,April,4,257938666
California,6,2021,May,5,245307868
California,6,2021,June,6,347607519
California,6,2021,July,7,249546044
California,6,2021,August,8,258907965
California,6,2021,September,9,361539093
California,6,2021,October,10,247846211
California,6,2021,November,11,236334280
California,6,2021,December,12,411383949
California,6,2020,January,1,221014237
California,6,2020,February,2,213633139
California,6,2020,March,3,292341858
California,6,2020,April,4,197904939
California,6,2020,May,5,216116428
California,6,2020,June,6,308266775
California,6,2020,July,7,245809450
California,6,2020,August,8,253431901
California,6,2020,September,9,322023535
California,6,2020,October,10,261375697
California,6,2020,November,11,235057618
California,6,2020,December,12,397612741
Colorado,8,2022,January,1,68676066
Colorado,8,2022,February,2,68309631
Colorado,8,2022,March,3,70196012
Colorado,8,2022,April,4,68997013
Colorado,8,2022,May,5,58089622
Colorado,8,2022,June,6,57872619
Colorado,8,2022,July,7,67933360
Colorado,8,2022,August,8,74790641
Colorado,8,2022,September,9,62850804
Colorado,8,2022,October,10,69279337
Colorado,8,2022,November,11,64235179
Colorado,8,2022,December,12,56806362
Colorado,8,2021,January,1,54430814
Colorado,8,2021,February,2,47869428
Colorado,8,2021,March,3,52411182
Colorado,8,2021,April,4,58104278
Colorado,8,2021,May,5,56600974
Colorado,8,2021,June,6,62717031
Colorado,8,2021,July,7,67376701
Colorado,8,2021,August,8,65005313
Colorado,8,2021,September,9,62567845
Colorado,8,2021,October,10,64303760
Colorado,8,2021,November,11,62148761
Colorado,8,2021,December,12,56766121
Colorado,8,2020,January,1,54982548
Colorado,8,2020,February,2,50438974
Colorado,8,2020,March,3,55375179
Colorado,8,2020,April,4,47476081
Colorado,8,2020,May,5,52843789
Colorado,8,2020,June,6,54978223
Colorado,8,2020,July,7,61365536
Colorado,8,2020,August,8,59245870
Colorado,8,2020,September,9,59124954
Colorado,8,2020,October,10,59167316
Colorado,8,2020,November,11,52496208
Colorado,8,2020,December,12,52478552
Connecticut,9,2022,January,1,20599025
Connecticut,9,2022,February,2,20359138
Connecticut,9,2022,March,3,30033529
Connecticut,9,2022,April,4,23237384
Connecticut,9,2022,May,5,24371227
Connecticut,9,2022,June,6,29580636
Connecticut,9,2022,July,7,22935071
Connecticut,9,2022,August,8,24082301
Connecticut,9,2022,September,9,25402377
Connecticut,9,2022,October,10,27947735
Connecticut,9,2022,November,11,24457979
Connecticut,9,2022,December,12,30748052
Connecticut,9,2021,January,1,20227916
Connecticut,9,2021,February,2,18438808
Connecticut,9,2021,March,3,28110544
Connecticut,9,2021,April,4,22537743
Connecticut,9,2021,May,5,21773340
Connecticut,9,2021,June,6,29526582
Connecticut,9,2021,July,7,26360178
Connecticut,9,2021,August,8,27534625
Connecticut,9,2021,September,9,32136270
Connecticut,9,2021,October,10,26898686
Connecticut,9,2021,November,11,23562600
Connecticut,9,2021,December,12,29480395
Connecticut,9,2020,January,1,20538065
Connecticut,9,2020,February,2,18077873
Connecticut,9,2020,March,3,24364142
Connecticut,9,2020,April,4,16776452
Connecticut,9,2020,May,5,17569326
Connecticut,9,2020,June,6,30388723
Connecticut,9,2020,July,7,22608432
Connecticut,9,2020,August,8,23671713
Connecticut,9,2020,September,9,34859553
Connecticut,9,2020,October,10,20002858
Connecticut,9,2020,November,11,19305706
Connecticut,9,2020,December,12,26125421
Delaware,10,2022,January,1,5253070
Delaware,10,2022,February,2,6398188
Delaware,10,2022,March,3,7194073
Delaware,10,2022,April,4,5883380
Delaware,10,2022,May,5,6693843
Delaware,10,2022,June,6,6852225
Delaware,10,2022,July,7,6011457
Delaware,10,2022,August,8,7378172
Delaware,10,2022,September,9,7259033
Delaware,10,2022,October,10,6295027
Delaware,10,2022,November,11,6520390
Delaware,10,2022,December,12,6526291
Delaware,10,2021,January,1,5645934
Delaware,10,2021,February,2,5468319
Delaware,10,2021,March,3,7172847
Delaware,10,2021,April,4,6610496
Delaware,10,2021,May,5,7290242
Delaware,10,2021,June,6,6931906
Delaware,10,2021,July,7,6619566
Delaware,10,2021,August,8,6961548
Delaware,10,2021,September,9,7300394
Delaware,10,2021,October,10,6690822
Delaware,10,2021,November,11,6589724
Delaware,10,2021,December,12,7089131
Delaware,10,2020,January,1,6029750
Delaware,10,2020,February,2,6556529
Delaware,10,2020,March,3,7298784
Delaware,10,2020,April,4,5445219
Delaware,10,2020,May,5,6456324
Delaware,10,2020,June,6,7012841
Delaware,10,2020,July,7,5225945
Delaware,10,2020,August,8,7339092
Delaware,10,2020,September,9,7140030
Delaware,10,2020,October,10,6297925
Delaware,10,2020,November,11,6361711
Delaware,10,2020,December,12,6552334
District of Columbia,11,2022,January,1,926837
District of Columbia,11,2022,February,2,924314
District of Columbia,11,2022,March,3,1049733
District of Columbia,11,2022,April,4,966707
District of Columbia,11,2022,May,5,1093179
District of Columbia,11,2022,June,6,1136173
District of Columbia,11,2022,July,7,1162796
District of Columbia,11,2022,August,8,1156659
District of Columbia,11,2022,September,9,1135209
District of Columbia,11,2022,October,10,991465
District of Columbia,11,2022,November,11,1108336
District of Columbia,11,2022,December,12,971239
District of Columbia,11,2021,January,1,1003073
District of Columbia,11,2021,February,2,859647
District of Columbia,11,2021,March,3,1032730
District of Columbia,11,2021,April,4,975524
District of Columbia,11,2021,May,5,989374
District of Columbia,11,2021,June,6,1097661
District of Columbia,11,2021,July,7,1112852
District of Columbia,11,2021,August,8,1160660
District of Columbia,11,2021,September,9,1181678
District of Columbia,11,2021,October,10,1118183
District of Columbia,11,2021,November,11,883753
District of Columbia,11,2021,December,12,1182910
District of Columbia,11,2020,January,1,1285397
District of Columbia,11,2020,February,2,1116295
District of Columbia,11,2020,March,3,1016451
District of Columbia,11,2020,April,4,663897
District of Columbia,11,2020,May,5,678184
District of Columbia,11,2020,June,6,898744
District of Columbia,11,2020,July,7,867041
District of Columbia,11,2020,August,8,951923
District of Columbia,11,2020,September,9,1086668
District of Columbia,11,2020,October,10,924761
District of Columbia,11,2020,November,11,905259
District of Columbia,11,2020,December,12,993953
Florida,12,2022,January,1,159179173
Florida,12,2022,February,2,153789586
Florida,12,2022,March,3,156216775
Florida,12,2022,April,4,176152064
Florida,12,2022,May,5,164813655
Florida,12,2022,June,6,166005123
Florida,12,2022,July,7,157519535
Florida,12,2022,August,8,154897117
Florida,12,2022,September,9,166131930
Florida,12,2022,October,10,152896585
Florida,12,2022,November,11,177241365
Florida,12,2022,December,12,166026300
Florida,12,2021,January,1,154893502
Florida,12,2021,February,2,147063774
Florida,12,2021,March,3,140103925
Florida,12,2021,April,4,168197803
Florida,12,2021,May,5,176835677
Florida,12,2021,June,6,169625487
Florida,12,2021,July,7,162399163
Florida,12,2021,August,8,145330287
Florida,12,2021,September,9,163050186
Florida,12,2021,October,10,134260731
Florida,12,2021,November,11,165199876
Florida,12,2021,December,12,162855166
Florida,12,2020,January,1,157693911
Florida,12,2020,February,2,150615172
Florida,12,2020,March,3,149978358
Florida,12,2020,April,4,158241705
Florida,12,2020,May,5,129709480
Florida,12,2020,June,6,136499796
Florida,12,2020,July,7,139628729
Florida,12,2020,August,8,145692841
Florida,12,2020,September,9,139706831
Florida,12,2020,October,10,142834679
Florida,12,2020,November,11,151897732
Florida,12,2020,December,12,149525510
Georgia,13,2022,January,1,125436985
Georgia,13,2022,February,2,125812302
Georgia,13,2022,March,3,81178098
Georgia,13,2022,April,4,129671946
Georgia,13,2022,May,5,42956279
Georgia,13,2022,June,6,121461282
Georgia,13,2022,July,7,124882142
Georgia,13,2022,August,8,135246590
Georgia,13,2022,September,9,130307274
Georgia,13,2022,October,10,131676794
Georgia,13,2022,November,11,132526626
Georgia,13,2022,December,12,128874983
Georgia,13,2021,January,1,121714559
Georgia,13,2021,February,2,120682288
Georgia,13,2021,March,3,139363755
Georgia,13,2021,April,4,130849592
Georgia,13,2021,May,5,43434054
Georgia,13,2021,June,6,125088859
Georgia,13,2021,July,7,129010477
Georgia,13,2021,August,8,138147692
Georgia,13,2021,September,9,132157479
Georgia,13,2021,October,10,134090422
Georgia,13,2021,November,11,134681530
Georgia,13,2021,December,12,132044040
Georgia,13,2020,January,1,93339670
Georgia,13,2020,February,2,108978583
Georgia,13,2020,March,3,123060671
Georgia,13,2020,April,4,106549328
Georgia,13,2020,May,5,115123535
Georgia,13,2020,June,6,117808682
Georgia,13,2020,July,7,117266379
Georgia,13,2020,August,8,119299173
Georgia,13,2020,September,9,118328355
Georgia,13,2020,October,10,120861724
Georgia,13,2020,November,11,117667868
Georgia,13,2020,December,12,123801465
Hawaii,15,2022,January,1,4295381
Hawaii,15,2022,February,2,3656207
Hawaii,15,2022,March,3,4399096
Hawaii,15,2022,April,4,5477223
Hawaii,15,2022,May,5,4376824
Hawaii,15,2022,June,6,4436627
Hawaii,15,2022,July,7,4491177
Hawaii,15,2022,August,8,5092704
Hawaii,15,2022,September,9,5025015
Hawaii,15,2022,October,10,5161652
Hawaii,15,2022,November,11,3861398
Hawaii,15,2022,December,12,3396382
Hawaii,15,2021,January,1,3145755
Hawaii,15,2021,February,2,2996596
Hawaii,15,2021,March,3,3514601
Hawaii,15,2021,April,4,3784115
Hawaii,15,2021,May,5,3793421
Hawaii,15,2021,June,6,3748839
Hawaii,15,2021,July,7,5670109
Hawaii,15,2021,August,8,4307119
Hawaii,15,2021,September,9,4006796
Hawaii,15,2021,October,10,4674714
Hawaii,15,2021,November,11,3909817
Hawaii,15,2021,December,12,4035171
Hawaii,15,2020,January,1,3876107
Hawaii,15,2020,February,2,3686405
Hawaii,15,2020,March,3,5333896
Hawaii,15,2020,April,4,3028568
Hawaii,15,2020,May,5,2508601
Hawaii,15,2020,June,6,3029752
Hawaii,15,2020,July,7,3584527
Hawaii,15,2020,August,8,3459325
Hawaii,15,2020,September,9,3385514
Hawaii,15,2020,October,10,4259915
Hawaii,15,2020,November,11,3341366
Hawaii,15,2020,December,12,3447374
Idaho,16,2022,January,1,31584933
Idaho,16,2022,February,2,27642848
Idaho,16,2022,March,3,25564477
Idaho,16,2022,April,4,28332119
Idaho,16,2022,May,5,28659074
Idaho,16,2022,June,6,31588758
Idaho,16,2022,July,7,24970332
Idaho,16,2022,August,8,38967408
Idaho,16,2022,September,9,29953772
Idaho,16,2022,October,10,33651830
Idaho,16,2022,November,11,26373067
Idaho,16,2022,December,12,33848924
Idaho,16,2021,January,1,19897241
Idaho,16,2021,February,2,32269743
Idaho,16,2021,March,3,30741201
Idaho,16,2021,April,4,28559017
Idaho,16,2021,May,5,30725183
Idaho,16,2021,June,6,30978406
Idaho,16,2021,July,7,30009631
Idaho,16,2021,August,8,30601135
Idaho,16,2021,September,9,42783973
Idaho,16,2021,October,10,32745508
Idaho,16,2021,November,11,29757760
Idaho,16,2021,December,12,33283676
Idaho,16,2020,January,1,27154206
Idaho,16,2020,February,2,24421242
Idaho,16,2020,March,3,24145451
Idaho,16,2020,April,4,28220033
Idaho,16,2020,May,5,23641308
Idaho,16,2020,June,6,24022253
Idaho,16,2020,July,7,36087635
Idaho,16,2020,August,8,23873975
Idaho,16,2020,September,9,34915077
Idaho,16,2020,October,10,30240364
Idaho,16,2020,November,11,27203547
Idaho,16,2020,December,12,40269409
Illinois,17,2022,January,1,125720927
Illinois,17,2022,February,2,118334619
Illinois,17,2022,March,3,136246005
Illinois,17,2022,April,4,125350704
Illinois,17,2022,May,5,127182400
Illinois,17,2022,June,6,140666561
Illinois,17,2022,July,7,117488701
Illinois,17,2022,August,8,124675840
Illinois,17,2022,September,9,145888174
Illinois,17,2022,October,10,135219809
Illinois,17,2022,November,11,126464290
Illinois,17,2022,December,12,137454588
Illinois,17,2021,January,1,119878531
Illinois,17,2021,February,2,118373017
Illinois,17,2021,March,3,143101470
Illinois,17,2021,April,4,130013459
Illinois,17,2021,May,5,126241762
Illinois,17,2021,June,6,136749467
Illinois,17,2021,July,7,124400403
Illinois,17,2021,August,8,133889029
Illinois,17,2021,September,9,140751118
Illinois,17,2021,October,10,129165272
Illinois,17,2021,November,11,129253916
Illinois,17,2021,December,12,139157676
Illinois,17,2020,January,1,120893658
Illinois,17,2020,February,2,118152035
Illinois,17,2020,March,3,128235552
Illinois,17,2020,April,4,112910864
Illinois,17,2020,May,5,116078654
Illinois,17,2020,June,6,117143962
Illinois,17,2020,July,7,123934680
Illinois,17,2020,August,8,127238551
Illinois,17,2020,September,9,134381069
Illinois,17,2020,October,10,140180041
Illinois,17,2020,November,11,123254017
Illinois,17,2020,December,12,135768393
Indiana,18,2022,January,1,105053002
Indiana,18,2022,February,2,120374642
Indiana,18,2022,March,3,106263597
Indiana,18,2022,April,4,100842738
Indiana,18,2022,May,5,123157647
Indiana,18,2022,June,6,109409758
Indiana,18,2022,July,7,93750055
Indiana,18,2022,August,8,125136592
Indiana,18,2022,September,9,104442459
Indiana,18,2022,October,10,107316138
Indiana,18,2022,November,11,128435672
Indiana,18,2022,December,12,98137011
Indiana,18,2021,January,1,95130113
Indiana,18,2021,February,2,116050403
Indiana,18,2021,March,3,106700751
Indiana,18,2021,April,4,99853342
Indiana,18,2021,May,5,123122166
Indiana,18,2021,June,6,102705239
Indiana,18,2021,July,7,99357203
Indiana,18,2021,August,8,134752309
Indiana,18,2021,September,9,105213734
Indiana,18,2021,October,10,103517461
Indiana,18,2021,November,11,127279904
Indiana,18,2021,December,12,129801843
Indiana,18,2020,January,1,97186154
Indiana,18,2020,February,2,109636570
Indiana,18,2020,March,3,96404998
Indiana,18,2020,April,4,83971277
Indiana,18,2020,May,5,96416570
Indiana,18,2020,June,6,96775264
Indiana,18,2020,July,7,96484956
Indiana,18,2020,August,8,115075241
Indiana,18,2020,September,9,100295440
Indiana,18,2020,October,10,105670482
Indiana,18,2020,November,11,120493973
Indiana,18,2020,December,12,99506710
Iowa,19,2022,January,1,69588744
Iowa,19,2022,February,2,52476598
Iowa,19,2022,March,3,59861071
Iowa,19,2022,April,4,65942366
Iowa,19,2022,May,5,61820262
Iowa,19,2022,June,6,59823391
Iowa,19,2022,July,7,68627645
Iowa,19,2022,August,8,68848470
Iowa,19,2022,September,9,64012871
Iowa,19,2022,October,10,81487769
Iowa,19,2022,November,11,69721871
Iowa,19,2022,December,12,46417866
Iowa,19,2021,January,1,56445197
Iowa,19,2021,February,2,54368357
Iowa,19,2021,March,3,55496517
Iowa,19,2021,April,4,67303913
Iowa,19,2021,May,5,62446824
Iowa,19,2021,June,6,62955110
Iowa,19,2021,July,7,63540591
Iowa,19,2021,August,8,68388429
Iowa,19,2021,September,9,61470305
Iowa,19,2021,October,10,89876482
Iowa,19,2021,November,11,60273744
Iowa,19,2021,December,12,54123479
Iowa,19,2020,January,1,57763905
Iowa,19,2020,February,2,52555867
Iowa,19,2020,March,3,59853970
Iowa,19,2020,April,4,61527156
Iowa,19,2020,May,5,57363969
Iowa,19,2020,June,6,54841134
Iowa,19,2020,July,7,69309907
Iowa,19,2020,August,8,70790566
Iowa,19,2020,September,9,65147705
Iowa,19,2020,October,10,78296416
Iowa,19,2020,November,11,64590701
Iowa,19,2020,December,12,57565647
Kansas,20,2022,January,1,51271184
Kansas,20,2022,February,2,46078278
Kansas,20,2022,March,3,130326680
Kansas,20,2022,April,4,37220349
Kansas,20,2022,May,5,40752148
Kansas,20,2022,June,6,49557260
Kansas,20,2022,July,7,41365672
Kansas,20,2022,August,8,41897245
Kansas,20,2022,September,9,45797691
Kansas,20,2022,October,10,36677003
Kansas,20,2022,November,11,43695931
Kansas,20,2022,December,12,56071043
Kansas,20,2021,January,1,41543122
Kansas,20,2021,February,2,40904672
Kansas,20,2021,March,3,40667738
Kansas,20,2021,April,4,48501832
Kansas,20,2021,May,5,38726355
Kansas,20,2021,June,6,45273080
Kansas,20,2021,July,7,46387253
Kansas,20,2021,August,8,39521416
Kansas,20,2021,September,9,52369975
Kansas,20,2021,October,10,41366282
Kansas,20,2021,November,11,33577705
Kansas,20,2021,December,12,58596909
Kansas,20,2020,January,1,35821710
Kansas,20,2020,February,2,39721069
Kansas,20,2020,March,3,48609985
Kansas,20,2020,April,4,39913826
Kansas,20,2020,May,5,42227724
Kansas,20,2020,June,6,43720615
Kansas,20,2020,July,7,38880893
Kansas,20,2020,August,8,44197219
Kansas,20,2020,September,9,44730848
Kansas,20,2020,October,10,44382815
Kansas,20,2020,November,11,37963188
Kansas,20,2020,December,12,50137585
Kentucky,21,2022,January,1,67493554
Kentucky,21,2022,February,2,72211590
Kentucky,21,2022,March,3,80804408
Kentucky,21,2022,April,4,71392512
Kentucky,21,2022,May,5,75537255
Kentucky,21,2022,June,6,72826109
Kentucky,21,2022,July,7,70443529
Kentucky,21,2022,August,8,76450284
Kentucky,21,2022,September,9,71385941
Kentucky,21,2022,October,10,75497570
Kentucky,21,2022,November,11,74299661
Kentucky,21,2022,December,12,68476206
Kentucky,21,2021,January,1,63143512
Kentucky,21,2021,February,2,61737557
Kentucky,21,2021,March,3,78351808
Kentucky,21,2021,April,4,67570757
Kentucky,21,2021,May,5,74589402
Kentucky,21,2021,June,6,72578664
Kentucky,21,2021,July,7,70551504
Kentucky,21,2021,August,8,74545691
Kentucky,21,2021,September,9,70592344
Kentucky,21,2021,October,10,72724751
Kentucky,21,2021,November,11,76110915
Kentucky,21,2021,December,12,76535966
Kentucky,21,2020,January,1,66265403
Kentucky,21,2020,February,2,62243289
Kentucky,21,2020,March,3,67984155
Kentucky,21,2020,April,4,54705068
Kentucky,21,2020,May,5,53642281
Kentucky,21,2020,June,6,64732320
Kentucky,21,2020,July,7,66136470
Kentucky,21,2020,August,8,69137802
Kentucky,21,2020,September,9,69513880
Kentucky,21,2020,October,10,68575860
Kentucky,21,2020,November,11,66920913
Kentucky,21,2020,December,12,70658099
Louisiana,22,2022,January,1,68603024
Louisiana,22,2022,February,2,67217239
Louisiana,22,2022,March,3,68149585
Louisiana,22,2022,April,4,69270434
Louisiana,22,2022,May,5,58692597
Louisiana,22,2022,June,6,61251764
Louisiana,22,2022,July,7,66907909
Louisiana,22,2022,August,8,66420706
Louisiana,22,2022,September,9,65463930
Louisiana,22,2022,October,10,71710512
Louisiana,22,2022,November,11,67015888
Louisiana,22,2022,December,12,64017450
Louisiana,22,2021,January,1,59593432
Louisiana,22,2021,February,2,50690863
Louisiana,22,2021,March,3,64085585
Louisiana,22,2021,April,4,71012420
Louisiana,22,2021,May,5,62178532
Louisiana,22,2021,June,6,63714350
Louisiana,22,2021,July,7,67056517
Louisiana,22,2021,August,8,60674269
Louisiana,22,2021,September,9,68399074
Louisiana,22,2021,October,10,85369170
Louisiana,22,2021,November,11,68790653
Louisiana,22,2021,December,12,63258350
Louisiana,22,2020,January,1,64784058
Louisiana,22,2020,February,2,46302995
Louisiana,22,2020,March,3,62252361
Louisiana,22,2020,April,4,47512509
Louisiana,22,2020,May,5,41840651
Louisiana,22,2020,June,6,45889801
Louisiana,22,2020,July,7,56283333
Louisiana,22,2020,August,8,55655444
Louisiana,22,2020,September,9,62892978
Louisiana,22,2020,October,10,68461808
Louisiana,22,2020,November,11,60827840
Louisiana,22,2020,December,12,61373661
Maine,23,2022,January,1,7755011
Maine,23,2022,February,2,18311583
Maine,23,2022,March,3,23256639
Maine,23,2022,April,4,4687340
Maine,23,2022,May,5,27387112
Maine,23,2022,June,6,5475984
Maine,23,2022,July,7,15976194
Maine,23,2022,August,8,26414356
Maine,23,2022,September,9,10631109
Maine,23,2022,October,10,21225962
Maine,23,2022,November,11,19158351
Maine,23,2022,December,12,22706081
Maine,23,2021,January,1,17797757
Maine,23,2021,February,2,15539875
Maine,23,2021,March,3,10196595
Maine,23,2021,April,4,19885821
Maine,23,2021,May,5,2579457
Maine,23,2021,June,6,14302131
Maine,23,2021,July,7,23558222
Maine,23,2021,August,8,16134924
Maine,23,2021,September,9,6784421
Maine,23,2021,October,10,16205186
Maine,23,2021,November,11,7371272
Maine,23,2021,December,12,22103084
Maine,23,2020,January,1,16955199
Maine,23,2020,February,2,17871364
Maine,23,2020,March,3,14060974
Maine,23,2020,April,4,12048850
Maine,23,2020,May,5,9147814
Maine,23,2020,June,6,17636206
Maine,23,2020,July,7,7653552
Maine,23,2020,August,8,25137772
Maine,23,2020,September,9,14941289
Maine,23,2020,October,10,10526165
Maine,23,2020,November,11,18817614
Maine,23,2020,December,12,15507095
Maryland,24,2022,January,1,39900935
Maryland,24,2022,February,2,43200612
Maryland,24,2022,March,3,21371905
Maryland,24,2022,April,4,22931536
Maryland,24,2022,May,5,47427201
Maryland,24,2022,June,6,50894990
Maryland,24,2022,July,7,46652766
Maryland,24,2022,August,8,45950986
Maryland,24,2022,September,9,48756812
Maryland,24,2022,October,10,39597460
Maryland,24,2022,November,11,46413661
Maryland,24,2022,December,12,45556486
Maryland,24,2021,January,1,43442776
Maryland,24,2021,February,2,32699954
Maryland,24,2021,March,3,53303317
Maryland,24,2021,April,4,42042500
Maryland,24,2021,May,5,48313251
Maryland,24,2021,June,6,50704128
Maryland,24,2021,July,7,47498950
Maryland,24,2021,August,8,45106399
Maryland,24,2021,September,9,47622609
Maryland,24,2021,October,10,45691003
Maryland,24,2021,November,11,44975270
Maryland,24,2021,December,12,49955915
Maryland,24,2020,January,1,47430029
Maryland,24,2020,February,2,35810531
Maryland,24,2020,March,3,35849877
Maryland,24,2020,April,4,35666947
Maryland,24,2020,May,5,31634441
Maryland,24,2020,June,6,62881965
Maryland,24,2020,July,7,45365389
Maryland,24,2020,August,8,46091134
Maryland,24,2020,September,9,42876234
Maryland,24,2020,October,10,49586217
Maryland,24,2020,November,11,33892008
Maryland,24,2020,December,12,41902693
Massachusetts,25,2022,January,1,34224640
Massachusetts,25,2022,February,2,39493197
Massachusetts,25,2022,March,3,36943398
Massachusetts,25,2022,April,4,35391145
Massachusetts,25,2022,May,5,39897614
Massachusetts,25,2022,June,6,38713621
Massachusetts,25,2022,July,7,35000553
Massachusetts,25,2022,August,8,40376738
Massachusetts,25,2022,September,9,35946007
Massachusetts,25,2022,October,10,37166943
Massachusetts,25,2022,November,11,39173169
Massachusetts,25,2022,December,12,36107155
Massachusetts,25,2021,January,1,31811107
Massachusetts,25,2021,February,2,34406091
Massachusetts,25,2021,March,3,36742079
Massachusetts,25,2021,April,4,35984047
Massachusetts,25,2021,May,5,39433134
Massachusetts,25,2021,June,6,38535239
Massachusetts,25,2021,July,7,36662626
Massachusetts,25,2021,August,8,39981448
Massachusetts,25,2021,September,9,37932404
Massachusetts,25,2021,October,10,38852348
Massachusetts,25,2021,November,11,39626907
Massachusetts,25,2021,December,12,37934323
Massachusetts,25,2020,January,1,35440135
Massachusetts,25,2020,February,2,31244579
Massachusetts,25,2020,March,3,32101591
Massachusetts,25,2020,April,4,26660056
Massachusetts,25,2020,May,5,26660056
Massachusetts,25,2020,June,6,36828893
Massachusetts,25,2020,July,7,31199793
Massachusetts,25,2020,August,8,31420879
Massachusetts,25,2020,September,9,35671304
Massachusetts,25,2020,October,10,38991865
Massachusetts,25,2020,November,11,36010906
Massachusetts,25,2020,December,12,38460884
Michigan,26,2022,January,1,61635333
Michigan,26,2022,February,2,70724449
Michigan,26,2022,March,3,95126706
Michigan,26,2022,April,4,65389968
Michigan,26,2022,May,5,81316305
Michigan,26,2022,June,6,101308103
Michigan,26,2022,July,7,68092548
Michigan,26,2022,August,8,84599889
Michigan,26,2022,September,9,103327499
Michigan,26,2022,October,10,76300243
Michigan,26,2022,November,11,81526077
Michigan,26,2022,December,12,93224842
Michigan,26,2021,January,1,52569925
Michigan,26,2021,February,2,66999306
Michigan,26,2021,March,3,93852320
Michigan,26,2021,April,4,64589047
Michigan,26,2021,May,5,78863155
Michigan,26,2021,June,6,101032286
Michigan,26,2021,July,7,70172350
Michigan,26,2021,August,8,87645223
Michigan,26,2021,September,9,99069731
Michigan,26,2021,October,10,73580379
Michigan,26,2021,November,11,84064642
Michigan,26,2021,December,12,95117465
Michigan,26,2020,January,1,65331754
Michigan,26,2020,February,2,69722162
Michigan,26,2020,March,3,79923413
Michigan,26,2020,April,4,41429478
Michigan,26,2020,May,5,81819337
Michigan,26,2020,June,6,73971464
Michigan,26,2020,July,7,73086308
Michigan,26,2020,August,8,76834604
Michigan,26,2020,September,9,98494201
Michigan,26,2020,October,10,66248069
Michigan,26,2020,November,11,82784159
Michigan,26,2020,December,12,88472403
Minnesota,27,2022,January,1,77618848
Minnesota,27,2022,February,2,50039996
Minnesota,27,2022,March,3,50080541
Minnesota,27,2022,April,4,72102936
Minnesota,27,2022,May,5,48113939
Minnesota,27,2022,June,6,56458491
Minnesota,27,2022,July,7,77591507
Minnesota,27,2022,August,8,56764837
Minnesota,27,2022,September,9,63602478
Minnesota,27,2022,October,10,82646097
Minnesota,27,2022,November,11,66298815
Minnesota,27,2022,December,12,56873899
Minnesota,27,2021,January,1,74560919
Minnesota,27,2021,February,2,47360507
Minnesota,27,2021,March,3,48579789
Minnesota,27,2021,April,4,70124645
Minnesota,27,2021,May,5,54184086
Minnesota,27,2021,June,6,57731878
Minnesota,27,2021,July,7,82646508
Minnesota,27,2021,August,8,59433826
Minnesota,27,2021,September,9,61561059
Minnesota,27,2021,October,10,85049575
Minnesota,27,2021,November,11,70092611
Minnesota,27,2021,December,12,56379310
Minnesota,27,2020,January,1,69810873
Minnesota,27,2020,February,2,71837089
Minnesota,27,2020,March,3,66423433
Minnesota,27,2020,April,4,65106202
Minnesota,27,2020,May,5,63923637
Minnesota,27,2020,June,6,70986738
Minnesota,27,2020,July,7,73974652
Minnesota,27,2020,August,8,75625838
Minnesota,27,2020,September,9,70659857
Minnesota,27,2020,October,10,78521313
Minnesota,27,2020,November,11,85006207
Minnesota,27,2020,December,12,53490806
Mississippi,28,2022,January,1,60559772
Mississippi,28,2022,February,2,58073818
Mississippi,28,2022,March,3,62909543
Mississippi,28,2022,April,4,61001421
Mississippi,28,2022,May,5,60599447
Mississippi,28,2022,June,6,66980269
Mississippi,28,2022,July,7,63628974
Mississippi,28,2022,August,8,59451387
Mississippi,28,2022,September,9,65620018
Mississippi,28,2022,October,10,62383798
Mississippi,28,2022,November,11,62368374
Mississippi,28,2022,December,12,61548938
Mississippi,28,2021,January,1,59460931
Mississippi,28,2021,February,2,59071455
Mississippi,28,2021,March,3,51695792
Mississippi,28,2021,April,4,61896973
Mississippi,28,2021,May,5,65810689
Mississippi,28,2021,June,6,65045577
Mississippi,28,2021,July,7,59144535
Mississippi,28,2021,August,8,56368357
Mississippi,28,2021,September,9,69639766
Mississippi,28,2021,October,10,55757654
Mississippi,28,2021,November,11,64693570
Mississippi,28,2021,December,12,65379249
Mississippi,28,2020,January,1,52757828
Mississippi,28,2020,February,2,55898507
Mississippi,28,2020,March,3,44174451
Mississippi,28,2020,April,4,61993795
Mississippi,28,2020,May,5,52761948
Mississippi,28,2020,June,6,58268047
Mississippi,28,2020,July,7,53001245
Mississippi,28,2020,August,8,56365844
Mississippi,28,2020,September,9,65231081
Mississippi,28,2020,October,10,67847337
Mississippi,28,2020,November,11,65493321
Mississippi,28,2020,December,12,62958006
Missouri,29,2022,January,1,80746277
Missouri,29,2022,February,2,92184135
Missouri,29,2022,March,3,122681398
Missouri,29,2022,April,4,87275470
Missouri,29,2022,May,5,26775619
Missouri,29,2022,June,6,109382533
Missouri,29,2022,July,7,75737797
Missouri,29,2022,August,8,113238394
Missouri,29,2022,September,9,111680719
Missouri,29,2022,October,10,15597191
Missouri,29,2022,November,11,99585077
Missouri,29,2022,December,12,86347833
Missouri,29,2021,January,1,76539493
Missouri,29,2021,February,2,93362579
Missouri,29,2021,March,3,101599065
Missouri,29,2021,April,4,78836231
Missouri,29,2021,May,5,99248610
Missouri,29,2021,June,6,110290259
Missouri,29,2021,July,7,78628772
Missouri,29,2021,August,8,108857687
Missouri,29,2021,September,9,68059102
Missouri,29,2021,October,10,59090596
Missouri,29,2021,November,11,108978483
Missouri,29,2021,December,12,109807870
Missouri,29,2020,January,1,43775771
Missouri,29,2020,February,2,49480574
Missouri,29,2020,March,3,104747224
Missouri,29,2020,April,4,87965957
Missouri,29,2020,May,5,89269068
Missouri,29,2020,June,6,98048508
Missouri,29,2020,July,7,80769525
Missouri,29,2020,August,8,102161134
Missouri,29,2020,September,9,105129997
Missouri,29,2020,October,10,82306847
Missouri,29,2020,November,11,100585056
Missouri,29,2020,December,12,110485863
Montana,30,2022,January,1,19707726
Montana,30,2022,February,2,20895771
Montana,30,2022,March,3,26606454
Montana,30,2022,April,4,21081024
Montana,30,2022,May,5,26239974
Montana,30,2022,June,6,26949770
Montana,30,2022,July,7,26519926
Montana,30,2022,August,8,29192199
Montana,30,2022,September,9,28073473
Montana,30,2022,October,10,28819234
Montana,30,2022,November,11,24576625
Montana,30,2022,December,12,21740486
Montana,30,2021,January,1,18818552
Montana,30,2021,February,2,19452820
Montana,30,2021,March,3,24593015
Montana,30,2021,April,4,23865019
Montana,30,2021,May,5,26786796
Montana,30,2021,June,6,29690049
Montana,30,2021,July,7,28663917
Montana,30,2021,August,8,30310063
Montana,30,2021,September,9,29294833
Montana,30,2021,October,10,26583281
Montana,30,2021,November,11,23595255
Montana,30,2021,December,12,23664224
Montana,30,2020,January,1,18742462
Montana,30,2020,February,2,21563224
Montana,30,2020,March,3,22495660
Montana,30,2020,April,4,19721167
Montana,30,2020,May,5,25208516
Montana,30,2020,June,6,24485590
Montana,30,2020,July,7,26190620
Montana,30,2020,August,8,29027610
Montana,30,2020,September,9,26748567
Montana,30,2020,October,10,26079888
Montana,30,2020,November,11,23454528
Montana,30,2020,December,12,23546492
Nebraska,31,2022,January,1,37812638
Nebraska,31,2022,February,2,38173621
Nebraska,31,2022,March,3,42681288
Nebraska,31,2022,April,4,44679868
Nebraska,31,2022,May,5,44819138
Nebraska,31,2022,June,6,48498534
Nebraska,31,2022,July,7,44975396
Nebraska,31,2022,August,8,46680785
Nebraska,31,2022,September,9,44449051
Nebraska,31,2022,October,10,49507001
Nebraska,31,2022,November,11,45234844
Nebraska,31,2022,December,12,38176051
Nebraska,31,2021,January,1,35902245
Nebraska,31,2021,February,2,35460438
Nebraska,31,2021,March,3,46098594
Nebraska,31,2021,April,4,45419367
Nebraska,31,2021,May,5,44905896
Nebraska,31,2021,June,6,49342608
Nebraska,31,2021,July,7,45564576
Nebraska,31,2021,August,8,48178920
Nebraska,31,2021,September,9,46343041
Nebraska,31,2021,October,10,49699080
Nebraska,31,2021,November,11,44378297
Nebraska,31,2021,December,12,39001437
Nebraska,31,2020,January,1,36055628
Nebraska,31,2020,February,2,34524411
Nebraska,31,2020,March,3,40247149
Nebraska,31,2020,April,4,38741735
Nebraska,31,2020,May,5,38827934
Nebraska,31,2020,June,6,44891326
Nebraska,31,2020,July,7,40808971
Nebraska,31,2020,August,8,41905359
Nebraska,31,2020,September,9,39638422
Nebraska,31,2020,October,10,46275558
Nebraska,31,2020,November,11,38841386
Nebraska,31,2020,December,12,41734455
Nevada,32,2022,January,1,39264072
Nevada,32,2022,February,2,38497585
Nevada,32,2022,March,3,17742235
Nevada,32,2022,April,4,43794194
Nevada,32,2022,May,5,45566800
Nevada,32,2022,June,6,26542116
Nevada,32,2022,July,7,45020488
Nevada,32,2022,August,8,47367359
Nevada,32,2022,September,9,18548286
Nevada,32,2022,October,10,45018586
Nevada,32,2022,November,11,41185517
Nevada,32,2022,December,12,9493644
Nevada,32,2021,January,1,35762945
Nevada,32,2021,February,2,34743299
Nevada,32,2021,March,3,23284831
Nevada,32,2021,April,4,42901381
Nevada,32,2021,May,5,44498981
Nevada,32,2021,June,6,27777158
Nevada,32,2021,July,7,45779041
Nevada,32,2021,August,8,44750176
Nevada,32,2021,September,9,20362419
Nevada,32,2021,October,10,45203715
Nevada,32,2021,November,11,42713409
Nevada,32,2021,December,12,15565360
Nevada,32,2020,January,1,35225239
Nevada,32,2020,February,2,34602393
Nevada,32,2020,March,3,18016898
Nevada,32,2020,April,4,33386975
Nevada,32,2020,May,5,38062446
Nevada,32,2020,June,6,23849493
Nevada,32,2020,July,7,41206896
Nevada,32,2020,August,8,41667256
Nevada,32,2020,September,9,21873565
Nevada,32,2020,October,10,44120278
Nevada,32,2020,November,11,38610139
Nevada,32,2020,December,12,18429582
New Hampshire,33,2022,January,1,10299298
New Hampshire,33,2022,February,2,10060529
New Hampshire,33,2022,March,3,10867960
New Hampshire,33,2022,April,4,9722621
New Hampshire,33,2022,May,5,10912655
New Hampshire,33,2022,June,6,11179434
New Hampshire,33,2022,July,7,10162984
New Hampshire,33,2022,August,8,11445300
New Hampshire,33,2022,September,9,11175384
New Hampshire,33,2022,October,10,11345184
New Hampshire,33,2022,November,11,10856790
New Hampshire,33,2022,December,12,11406155
New Hampshire,33,2021,January,1,9021610
New Hampshire,33,2021,February,2,8836862
New Hampshire,33,2021,March,3,10667305
New Hampshire,33,2021,April,4,9875843
New Hampshire,33,2021,May,5,11230136
New Hampshire,33,2021,June,6,11536834
New Hampshire,33,2021,July,7,10656243
New Hampshire,33,2021,August,8,11213495
New Hampshire,33,2021,September,9,11472534
New Hampshire,33,2021,October,10,11546280
New Hampshire,33,2021,November,11,11096149
New Hampshire,33,2021,December,12,11601090
New Hampshire,33,2020,January,1,7005618
New Hampshire,33,2020,February,2,8123336
New Hampshire,33,2020,March,3,8409859
New Hampshire,33,2020,April,4,8446830
New Hampshire,33,2020,May,5,9088375
New Hampshire,33,2020,June,6,9648728
New Hampshire,33,2020,July,7,7724783
New Hampshire,33,2020,August,8,9135491
New Hampshire,33,2020,September,9,9954357
New Hampshire,33,2020,October,10,9112235
New Hampshire,33,2020,November,11,8753375
New Hampshire,33,2020,December,12,9159009
New Jersey,34,2022,January,1,62071080
New Jersey,34,2022,February,2,60571669
New Jersey,34,2022,March,3,67618959
New Jersey,34,2022,April,4,64425365
New Jersey,34,2022,May,5,64496080
New Jersey,34,2022,June,6,66744882
New Jersey,34,2022,July,7,60769130
New Jersey,34,2022,August,8,68730429
New Jersey,34,2022,September,9,64678503
New Jersey,34,2022,October,10,65081337
New Jersey,34,2022,November,11,65400566
New Jersey,34,2022,December,12,53569636
New Jersey,34,2021,January,1,62097867
New Jersey,34,2021,February,2,54556912
New Jersey,34,2021,March,3,68484705
New Jersey,34,2021,April,4,65952497
New Jersey,34,2021,May,5,67652230
New Jersey,34,2021,June,6,69117650
New Jersey,34,2021,July,7,64281095
New Jersey,34,2021,August,8,68281197
New Jersey,34,2021,September,9,63563231
New Jersey,34,2021,October,10,69070444
New Jersey,34,2021,November,11,65832532
New Jersey,34,2021,December,12,67993944
New Jersey,34,2020,January,1,63632644
New Jersey,34,2020,February,2,57436816
New Jersey,34,2020,March,3,60476282
New Jersey,34,2020,April,4,49437042
New Jersey,34,2020,May,5,55561684
New Jersey,34,2020,June,6,64238893
New Jersey,34,2020,July,7,65541028
New Jersey,34,2020,August,8,64550119
New Jersey,34,2020,September,9,63202949
New Jersey,34,2020,October,10,65822148
New Jersey,34,2020,November,11,62396339
New Jersey,34,2020,December,12,67734178
New Mexico,35,2022,January,1,67326701
New Mexico,35,2022,February,2,51203892
New Mexico,35,2022,March,3,56189057
New Mexico,35,2022,April,4,58362492
New Mexico,35,2022,May,5,62604565
New Mexico,35,2022,June,6,55788582
New Mexico,35,2022,July,7,51454096
New Mexico,35,2022,August,8,65585168
New Mexico,35,2022,September,9,54356454
New Mexico,35,2022,October,10,62420565
New Mexico,35,2022,November,11,52184556
New Mexico,35,2022,December,12,56428973
New Mexico,35,2021,January,1,57727274
New Mexico,35,2021,February,2,46567615
New Mexico,35,2021,March,3,60387722
New Mexico,35,2021,April,4,75060758
New Mexico,35,2021,May,5,53092898
New Mexico,35,2021,June,6,51678228
New Mexico,35,2021,July,7,77764894
New Mexico,35,2021,August,8,59276768
New Mexico,35,2021,September,9,60282718
New Mexico,35,2021,October,10,70094840
New Mexico,35,2021,November,11,59655320
New Mexico,35,2021,December,12,61432440
New Mexico,35,2020,January,1,66175103
New Mexico,35,2020,February,2,51393050
New Mexico,35,2020,March,3,54209035
New Mexico,35,2020,April,4,40981809
New Mexico,35,2020,May,5,42401819
New Mexico,35,2020,June,6,66185184
New Mexico,35,2020,July,7,51591934
New Mexico,35,2020,August,8,52018961
New Mexico,35,2020,September,9,59412481
New Mexico,35,2020,October,10,56128517
New Mexico,35,2020,November,11,53436010
New Mexico,35,2020,December,12,45505566
New York,36,2022,January,1,105342796
New York,36,2022,February,2,96909553
New York,36,2022,March,3,188490922
New York,36,2022,April,4,93262034
New York,36,2022,May,5,100381716
New York,36,2022,June,6,208270160
New York,36,2022,July,7,97765456
New York,36,2022,August,8,107192262
New York,36,2022,September,9,197418021
New York,36,2022,October,10,104039049
New York,36,2022,November,11,103052323
New York,36,2022,December,12,222134751
New York,36,2021,January,1,92238109
New York,36,2021,February,2,96794232
New York,36,2021,March,3,166642809
New York,36,2021,April,4,96067068
New York,36,2021,May,5,97694095
New York,36,2021,June,6,163572496
New York,36,2021,July,7,100844974
New York,36,2021,August,8,103579575
New York,36,2021,September,9,150189701
New York,36,2021,October,10,102773767
New York,36,2021,November,11,98790090
New York,36,2021,December,12,175595177
New York,36,2020,January,1,97943755
New York,36,2020,February,2,87831394
New York,36,2020,March,3,169964139
New York,36,2020,April,4,73768355
New York,36,2020,May,5,83236153
New York,36,2020,June,6,159990753
New York,36,2020,July,7,98473788
New York,36,2020,August,8,102130234
New York,36,2020,September,9,167463548
New York,36,2020,October,10,97523909
New York,36,2020,November,11,89133773
New York,36,2020,December,12,162149817
North Carolina,37,2022,January,1,92217858
North Carolina,37,2022,February,2,103490495
North Carolina,37,2022,March,3,103948664
North Carolina,37,2022,April,4,103046631
North Carolina,37,2022,May,5,106846989
North Carolina,37,2022,June,6,99624617
North Carolina,37,2022,July,7,93917337
North Carolina,37,2022,August,8,110669712
North Carolina,37,2022,September,9,88137530
North Carolina,37,2022,October,10,102852307
North Carolina,37,2022,November,11,104131515
North Carolina,37,2022,December,12,94616489
North Carolina,37,2021,January,1,98155434
North Carolina,37,2021,February,2,96071323
North Carolina,37,2021,March,3,113292065
North Carolina,37,2021,April,4,102874498
North Carolina,37,2021,May,5,109412845
North Carolina,37,2021,June,6,96786550
North Carolina,37,2021,July,7,89565878
North Carolina,37,2021,August,8,114429368
North Carolina,37,2021,September,9,103909265
North Carolina,37,2021,October,10,106911122
North Carolina,37,2021,November,11,111763082
North Carolina,37,2021,December,12,102995937
North Carolina,37,2020,January,1,99662600
North Carolina,37,2020,February,2,98079069
North Carolina,37,2020,March,3,80419319
North Carolina,37,2020,April,4,74845865
North Carolina,37,2020,May,5,84327610
North Carolina,37,2020,June,6,146191227
North Carolina,37,2020,July,7,119191064
North Carolina,37,2020,August,8,111001811
North Carolina,37,2020,September,9,99507636
North Carolina,37,2020,October,10,105270940
North Carolina,37,2020,November,11,101039652
North Carolina,37,2020,December,12,92219308
North Dakota,38,2022,January,1,23482957
North Dakota,38,2022,February,2,11481622
North Dakota,38,2022,March,3,26259737
North Dakota,38,2022,April,4,22080172
North Dakota,38,2022,May,5,18773719
North Dakota,38,2022,June,6,24248996
North Dakota,38,2022,July,7,26663891
North Dakota,38,2022,August,8,22785728
North Dakota,38,2022,September,9,33751481
North Dakota,38,2022,October,10,28047545
North Dakota,38,2022,November,11,22210223
North Dakota,38,2022,December,12,23210897
North Dakota,38,2021,January,1,23660786
North Dakota,38,2021,February,2,13795131
North Dakota,38,2021,March,3,24007864
North Dakota,38,2021,April,4,24122994
North Dakota,38,2021,May,5,17349420
North Dakota,38,2021,June,6,25406345
North Dakota,38,2021,July,7,26109750
North Dakota,38,2021,August,8,20281539
North Dakota,38,2021,September,9,26133995
North Dakota,38,2021,October,10,29628565
North Dakota,38,2021,November,11,20474769
North Dakota,38,2021,December,12,24314127
North Dakota,38,2020,January,1,26925883
North Dakota,38,2020,February,2,21865559
North Dakota,38,2020,March,3,27108477
North Dakota,38,2020,April,4,22779455
North Dakota,38,2020,May,5,18738034
North Dakota,38,2020,June,6,23759141
North Dakota,38,2020,July,7,24503346
North Dakota,38,2020,August,8,20378159
North Dakota,38,2020,September,9,27858252
North Dakota,38,2020,October,10,27928231
North Dakota,38,2020,November,11,16929947
North Dakota,38,2020,December,12,22083207
Ohio,39,2022,January,1,119672441
Ohio,39,2022,February,2,136456854
Ohio,39,2022,March,3,152432874
Ohio,39,2022,April,4,117325220
Ohio,39,2022,May,5,147625238
Ohio,39,2022,June,6,142015313
Ohio,39,2022,July,7,105820582
Ohio,39,2022,August,8,146530357
Ohio,39,2022,September,9,139210835
Ohio,39,2022,October,10,122547816
Ohio,39,2022,November,11,132046602
Ohio,39,2022,December,12,135838200
Ohio,39,2021,January,1,123780270
Ohio,39,2021,February,2,131491166
Ohio,39,2021,March,3,154540056
Ohio,39,2021,April,4,133375432
Ohio,39,2021,May,5,147205797
Ohio,39,2021,June,6,151169049
Ohio,39,2021,July,7,129455080
Ohio,39,2021,August,8,151315871
Ohio,39,2021,September,9,148459593
Ohio,39,2021,October,10,131471370
Ohio,39,2021,November,11,145563188
Ohio,39,2021,December,12,142887835
Ohio,39,2020,January,1,127959156
Ohio,39,2020,February,2,132082248
Ohio,39,2020,March,3,141955414
Ohio,39,2020,April,4,103133618
Ohio,39,2020,May,5,124003944
Ohio,39,2020,June,6,140735881
Ohio,39,2020,July,7,126533802
Ohio,39,2020,August,8,144714543
Ohio,39,2020,September,9,147069616
Ohio,39,2020,October,10,138723100
Ohio,39,2020,November,11,139193703
Ohio,39,2020,December,12,144023962
Oklahoma,40,2022,January,1,73251724
Oklahoma,40,2022,February,2,74421866
Oklahoma,40,2022,March,3,91763189
Oklahoma,40,2022,April,4,73871153
Oklahoma,40,2022,May,5,64175806
Oklahoma,40,2022,June,6,105454139
Oklahoma,40,2022,July,7,73056506
Oklahoma,40,2022,August,8,84410716
Oklahoma,40,2022,September,9,82122612
Oklahoma,40,2022,October,10,75535086
Oklahoma,40,2022,November,11,80957696
Oklahoma,40,2022,December,12,90132496
Oklahoma,40,2021,January,1,69547169
Oklahoma,40,2021,February,2,66664638
Oklahoma,40,2021,March,3,87099759
Oklahoma,40,2021,April,4,79798773
Oklahoma,40,2021,May,5,81691095
Oklahoma,40,2021,June,6,84697397
Oklahoma,40,2021,July,7,68467424
Oklahoma,40,2021,August,8,85938384
Oklahoma,40,2021,September,9,81803233
Oklahoma,40,2021,October,10,80443727
Oklahoma,40,2021,November,11,85350673
Oklahoma,40,2021,December,12,91478311
Oklahoma,40,2020,January,1,66750233
Oklahoma,40,2020,February,2,74387431
Oklahoma,40,2020,March,3,60641211
Oklahoma,40,2020,April,4,78716441
Oklahoma,40,2020,May,5,68738770
Oklahoma,40,2020,June,6,78605679
Oklahoma,40,2020,July,7,68634010
Oklahoma,40,2020,August,8,38963750
Oklahoma,40,2020,September,9,118673418
Oklahoma,40,2020,October,10,74840125
Oklahoma,40,2020,November,11,94539126
Oklahoma,40,2020,December,12,80689043
Oregon,41,2022,January,1,49765848
Oregon,41,2022,February,2,50410694
Oregon,41,2022,March,3,52398423
Oregon,41,2022,April,4,51682784
Oregon,41,2022,May,5,52837885
Oregon,41,2022,June,6,54020401
Oregon,41,2022,July,7,54141330
Oregon,41,2022,August,8,53531179
Oregon,41,2022,September,9,53123873
Oregon,41,2022,October,10,52004868
Oregon,41,2022,November,11,49874823
Oregon,41,2022,December,12,48235237
Oregon,41,2021,January,1,42211905
Oregon,41,2021,February,2,40981934
Oregon,41,2021,March,3,48448467
Oregon,41,2021,April,4,47757262
Oregon,41,2021,May,5,50627226
Oregon,41,2021,June,6,52707971
Oregon,41,2021,July,7,54851050
Oregon,41,2021,August,8,54447725
Oregon,41,2021,September,9,53834690
Oregon,41,2021,October,10,54117972
Oregon,41,2021,November,11,50718010
Oregon,41,2021,December,12,50787173
Oregon,41,2020,January,1,44353604
Oregon,41,2020,February,2,42760020
Oregon,41,2020,March,3,44593596
Oregon,41,2020,April,4,43813834
Oregon,41,2020,May,5,43929842
Oregon,41,2020,June,6,45618709
Oregon,41,2020,July,7,45488981
Oregon,41,2020,August,8,45269011
Oregon,41,2020,September,9,45295516
Oregon,41,2020,October,10,45207586
Oregon,41,2020,November,11,42691421
Oregon,41,2020,December,12,45718176
Pennsylvania,42,2022,January,1,113262406
Pennsylvania,42,2022,February,2,107849817
Pennsylvania,42,2022,March,3,167297646
Pennsylvania,42,2022,April,4,110594841
Pennsylvania,42,2022,May,5,116818544
Pennsylvania,42,2022,June,6,170933198
Pennsylvania,42,2022,July,7,115252287
Pennsylvania,42,2022,August,8,125304147
Pennsylvania,42,2022,September,9,173092021
Pennsylvania,42,2022,October,10,118880773
Pennsylvania,42,2022,November,11,114395872
Pennsylvania,42,2022,December,12,176908941
Pennsylvania,42,2021,January,1,110592362
Pennsylvania,42,2021,February,2,103905019
Pennsylvania,42,2021,March,3,166657794
Pennsylvania,42,2021,April,4,119957190
Pennsylvania,42,2021,May,5,118640345
Pennsylvania,42,2021,June,6,161495130
Pennsylvania,42,2021,July,7,120006035
Pennsylvania,42,2021,August,8,122516929
Pennsylvania,42,2021,September,9,165406078
Pennsylvania,42,2021,October,10,120510272
Pennsylvania,42,2021,November,11,118345740
Pennsylvania,42,2021,December,12,165781196
Pennsylvania,42,2020,January,1,113717543
Pennsylvania,42,2020,February,2,103159725
Pennsylvania,42,2020,March,3,148179703
Pennsylvania,42,2020,April,4,94325334
Pennsylvania,42,2020,May,5,103351519
Pennsylvania,42,2020,June,6,151810495
Pennsylvania,42,2020,July,7,119506475
Pennsylvania,42,2020,August,8,116802354
Pennsylvania,42,2020,September,9,156541178
Pennsylvania,42,2020,October,10,122383268
Pennsylvania,42,2020,November,11,109818351
Pennsylvania,42,2020,December,12,149189793
Puerto Rico,72,2022,January,1,25912998
Puerto Rico,72,2022,February,2,11467357
Puerto Rico,72,2022,March,3,9966226
Puerto Rico,72,2022,April,4,8931759
Puerto Rico,72,2022,May,5,17163635
Puerto Rico,72,2022,June,6,10541754
Puerto Rico,72,2022,July,7,11843815
Puerto Rico,72,2022,August,8,2165762
Puerto Rico,72,2022,September,9,6841512
Puerto Rico,72,2022,October,10,13936962
Puerto Rico,72,2022,November,11,17901342
Puerto Rico,72,2022,December,12,8957775
Puerto Rico,72,2021,January,1,26047172
Puerto Rico,72,2021,February,2,16021376
Puerto Rico,72,2021,March,3,15447079
Puerto Rico,72,2021,April,4,20464076
Puerto Rico,72,2021,May,5,28272952
Puerto Rico,72,2021,June,6,28910788
Puerto Rico,72,2021,July,7,24486377
Puerto Rico,72,2021,August,8,24003702
Puerto Rico,72,2021,September,9,21093605
Puerto Rico,72,2021,October,10,28350317
Puerto Rico,72,2021,November,11,31682655
Puerto Rico,72,2021,December,12,25083807
Puerto Rico,72,2020,January,1,27355936
Puerto Rico,72,2020,February,2,37328406
Puerto Rico,72,2020,March,3,36899477
Puerto Rico,72,2020,April,4,6652638
Puerto Rico,72,2020,May,5,29848650
Puerto Rico,72,2020,June,6,41802289
Puerto Rico,72,2020,July,7,39268817
Puerto Rico,72,2020,August,8,40581680
Puerto Rico,72,2020,September,9,43241622
Puerto Rico,72,2020,October,10,29750422
Puerto Rico,72,2020,November,11,21777584
Puerto Rico,72,2020,December,12,38110826
Rhode Island,44,2022,January,1,3938231
Rhode Island,44,2022,February,2,5280568
Rhode Island,44,2022,March,3,6797125
Rhode Island,44,2022,April,4,9705804
Rhode Island,44,2022,May,5,4488016
Rhode Island,44,2022,June,6,7898280
Rhode Island,44,2022,July,7,6908415
Rhode Island,44,2022,August,8,6453966
Rhode Island,44,2022,September,9,6081248
Rhode Island,44,2022,October,10,9011522
Rhode Island,44,2022,November,11,6613050
Rhode Island,44,2022,December,12,6632848
Rhode Island,44,2021,January,1,4805266
Rhode Island,44,2021,February,2,5263523
Rhode Island,44,2021,March,3,5628515
Rhode Island,44,2021,April,4,5167254
Rhode Island,44,2021,May,5,8069631
Rhode Island,44,2021,June,6,5972858
Rhode Island,44,2021,July,7,5861609
Rhode Island,44,2021,August,8,12046874
Rhode Island,44,2021,September,9,8449609
Rhode Island,44,2021,October,10,5591161
Rhode Island,44,2021,November,11,5911931
Rhode Island,44,2021,December,12,5427243
Rhode Island,44,2020,January,1,5101222
Rhode Island,44,2020,February,2,5088846
Rhode Island,44,2020,March,3,5177558
Rhode Island,44,2020,April,4,4543635
Rhode Island,44,2020,May,5,4463582
Rhode Island,44,2020,June,6,5251658
Rhode Island,44,2020,July,7,6014832
Rhode Island,44,2020,August,8,6172103
Rhode Island,44,2020,September,9,6130857
Rhode Island,44,2020,October,10,4939231
Rhode Island,44,2020,November,11,5254011
Rhode Island,44,2020,December,12,5209821
South Carolina,45,2022,January,1,74656856
South Carolina,45,2022,February,2,75028107
South Carolina,45,2022,March,3,81121527
South Carolina,45,2022,April,4,74197408
South Carolina,45,2022,May,5,77085616
South Carolina,45,2022,June,6,77400512
South Carolina,45,2022,July,7,70026039
South Carolina,45,2022,August,8,82825157
South Carolina,45,2022,September,9,72682415
South Carolina,45,2022,October,10,74850927
South Carolina,45,2022,November,11,72527952
South Carolina,45,2022,December,12,64725210
South Carolina,45,2021,January,1,77778228
South Carolina,45,2021,February,2,68309893
South Carolina,45,2021,March,3,80972233
South Carolina,45,2021,April,4,77936603
South Carolina,45,2021,May,5,76557651
South Carolina,45,2021,June,6,80116109
South Carolina,45,2021,July,7,76380663
South Carolina,45,2021,August,8,73702059
South Carolina,45,2021,September,9,83532917
South Carolina,45,2021,October,10,80575782
South Carolina,45,2021,November,11,78678818
South Carolina,45,2021,December,12,79618920
South Carolina,45,2020,January,1,72221843
South Carolina,45,2020,February,2,67796108
South Carolina,45,2020,March,3,66115719
South Carolina,45,2020,April,4,59420573
South Carolina,45,2020,May,5,79757011
South Carolina,45,2020,June,6,67920988
South Carolina,45,2020,July,7,76699794
South Carolina,45,2020,August,8,72341220
South Carolina,45,2020,September,9,72656299
South Carolina,45,2020,October,10,62600954
South Carolina,45,2020,November,11,84006223
South Carolina,45,2020,December,12,68821580
South Dakota,46,2022,January,1,21816658
South Dakota,46,2022,February,2,18184737
South Dakota,46,2022,March,3,18266954
South Dakota,46,2022,April,4,21143279
South Dakota,46,2022,May,5,19466837
South Dakota,46,2022,June,6,20964762
South Dakota,46,2022,July,7,22713628
South Dakota,46,2022,August,8,20987675
South Dakota,46,2022,September,9,25159519
South Dakota,46,2022,October,10,24001892
South Dakota,46,2022,November,11,25664791
South Dakota,46,2022,December,12,22851525
South Dakota,46,2021,January,1,20370732
South Dakota,46,2021,February,2,18197972
South Dakota,46,2021,March,3,17813802
South Dakota,46,2021,April,4,19327623
South Dakota,46,2021,May,5,21251986
South Dakota,46,2021,June,6,21874832
South Dakota,46,2021,July,7,23889594
South Dakota,46,2021,August,8,22901274
South Dakota,46,2021,September,9,23923740
South Dakota,46,2021,October,10,25651271
South Dakota,46,2021,November,11,24483086
South Dakota,46,2021,December,12,22956918
South Dakota,46,2020,January,1,18626768
South Dakota,46,2020,February,2,18318653
South Dakota,46,2020,March,3,16804796
South Dakota,46,2020,April,4,18453543
South Dakota,46,2020,May,5,18439223
South Dakota,46,2020,June,6,19529653
South Dakota,46,2020,July,7,22697785
South Dakota,46,2020,August,8,22597575
South Dakota,46,2020,September,9,22762422
South Dakota,46,2020,October,10,25183911
South Dakota,46,2020,November,11,25887008
South Dakota,46,2020,December,12,21179348
Tennessee,47,2022,January,1,83624271
Tennessee,47,2022,February,2,88904610
Tennessee,47,2022,March,3,107286922
Tennessee,47,2022,April,4,97521581
Tennessee,47,2022,May,5,99307242
Tennessee,47,2022,June,6,99195382
Tennessee,47,2022,July,7,98706865
Tennessee,47,2022,August,8,99944506
Tennessee,47,2022,September,9,107644876
Tennessee,47,2022,October,10,84861812
Tennessee,47,2022,November,11,93219601
Tennessee,47,2022,December,12,96435201
Tennessee,47,2021,January,1,79766774
Tennessee,47,2021,February,2,79243535
Tennessee,47,2021,March,3,106370209
Tennessee,47,2021,April,4,89801464
Tennessee,47,2021,May,5,95725719
Tennessee,47,2021,June,6,102782170
Tennessee,47,2021,July,7,84420827
Tennessee,47,2021,August,8,101862599
Tennessee,47,2021,September,9,122542721
Tennessee,47,2021,October,10,91993109
Tennessee,47,2021,November,11,97282706
Tennessee,47,2021,December,12,100697275
Tennessee,47,2020,January,1,74648942
Tennessee,47,2020,February,2,82674259
Tennessee,47,2020,March,3,91389150
Tennessee,47,2020,April,4,76087160
Tennessee,47,2020,May,5,84643053
Tennessee,47,2020,June,6,92131738
Tennessee,47,2020,July,7,88154304
Tennessee,47,2020,August,8,94995717
Tennessee,47,2020,September,9,97610887
Tennessee,47,2020,October,10,88445923
Tennessee,47,2020,November,11,86865442
Tennessee,47,2020,December,12,98724829
Texas,48,2022,January,1,508324636
Texas,48,2022,February,2,471834621
Texas,48,2022,March,3,510915760
Texas,48,2022,April,4,508392468
Texas,48,2022,May,5,520167432
Texas,48,2022,June,6,515942399
Texas,48,2022,July,7,487786550
Texas,48,2022,August,8,539261288
Texas,48,2022,September,9,506030818
Texas,48,2022,October,10,517379380
Texas,48,2022,November,11,494088001
Texas,48,2022,December,12,516396781
Texas,48,2021,January,1,457395965
Texas,48,2021,February,2,401104869
Texas,48,2021,March,3,539242378
Texas,48,2021,April,4,501203328
Texas,48,2021,May,5,479796251
Texas,48,2021,June,6,510868528
Texas,48,2021,July,7,510722147
Texas,48,2021,August,8,536129098
Texas,48,2021,September,9,504389630
Texas,48,2021,October,10,555872273
Texas,48,2021,November,11,519116645
Texas,48,2021,December,12,523331096
Texas,48,2020,January,1,465679628
Texas,48,2020,February,2,463169011
Texas,48,2020,March,3,470185413
Texas,48,2020,April,4,389764923
Texas,48,2020,May,5,381937259
Texas,48,2020,June,6,422997879
Texas,48,2020,July,7,390559488
Texas,48,2020,August,8,433542371
Texas,48,2020,September,9,468551456
Texas,48,2020,October,10,475529531
Texas,48,2020,November,11,565585062
Texas,48,2020,December,12,484356825
Utah,49,2022,January,1,43738899
Utah,49,2022,February,2,44638420
Utah,49,2022,March,3,41482071
Utah,49,2022,April,4,36790321
Utah,49,2022,May,5,48960164
Utah,49,2022,June,6,52953003
Utah,49,2022,July,7,45184649
Utah,49,2022,August,8,60743931
Utah,49,2022,September,9,43268103
Utah,49,2022,October,10,47891810
Utah,49,2022,November,11,48506977
Utah,49,2022,December,12,44935210
Utah,49,2021,January,1,39958647
Utah,49,2021,February,2,27058969
Utah,49,2021,March,3,47485912
Utah,49,2021,April,4,44656509
Utah,49,2021,May,5,46281434
Utah,49,2021,June,6,34140898
Utah,49,2021,July,7,48271919
Utah,49,2021,August,8,49204329
Utah,49,2021,September,9,48237035
Utah,49,2021,October,10,51307407
Utah,49,2021,November,11,53135082
Utah,49,2021,December,12,45417090
Utah,49,2020,January,1,39671770
Utah,49,2020,February,2,43695153
Utah,49,2020,March,3,44297810
Utah,49,2020,April,4,37517455
Utah,49,2020,May,5,41352743
Utah,49,2020,June,6,48796752
Utah,49,2020,July,7,44723915
Utah,49,2020,August,8,43639083
Utah,49,2020,September,9,48643662
Utah,49,2020,October,10,45817849
Utah,49,2020,November,11,45213793
Utah,49,2020,December,12,47134422
Vermont,50,2022,January,1,4198177
Vermont,50,2022,February,2,5102975
Vermont,50,2022,March,3,5069595
Vermont,50,2022,April,4,3751848
Vermont,50,2022,May,5,5471910
Vermont,50,2022,June,6,5513063
Vermont,50,2022,July,7,4384765
Vermont,50,2022,August,8,5901562
Vermont,50,2022,September,9,5803435
Vermont,50,2022,October,10,4839634
Vermont,50,2022,November,11,5546436
Vermont,50,2022,December,12,5038016
Vermont,50,2021,January,1,5199253
Vermont,50,2021,February,2,4649222
Vermont,50,2021,March,3,5036670
Vermont,50,2021,April,4,5112984
Vermont,50,2021,May,5,5372601
Vermont,50,2021,June,6,5588752
Vermont,50,2021,July,7,4660119
Vermont,50,2021,August,8,6153071
Vermont,50,2021,September,9,5677541
Vermont,50,2021,October,10,4966841
Vermont,50,2021,November,11,5850301
Vermont,50,2021,December,12,5292902
Vermont,50,2020,January,1,8713738
Vermont,50,2020,February,2,4996338
Vermont,50,2020,March,3,4894843
Vermont,50,2020,April,4,5052797
Vermont,50,2020,May,5,4367695
Vermont,50,2020,June,6,4435192
Vermont,50,2020,July,7,5568921
Vermont,50,2020,August,8,5270647
Vermont,50,2020,September,9,5632723
Vermont,50,2020,October,10,5836433
Vermont,50,2020,November,11,5030809
Vermont,50,2020,December,12,5063607
Virginia,51,2022,January,1,89959785
Virginia,51,2022,February,2,92889934
Virginia,51,2022,March,3,84965301
Virginia,51,2022,April,4,153025452
Virginia,51,2022,May,5,74982473
Virginia,51,2022,June,6,82476708
Virginia,51,2022,July,7,86826830
Virginia,51,2022,August,8,83229455
Virginia,51,2022,September,9,117359678
Virginia,51,2022,October,10,95616149
Virginia,51,2022,November,11,100765787
Virginia,51,2022,December,12,50842604
Virginia,51,2021,January,1,101384697
Virginia,51,2021,February,2,81837055
Virginia,51,2021,March,3,89834381
Virginia,51,2021,April,4,148976125
Virginia,51,2021,May,5,72998302
Virginia,51,2021,June,6,145611823
Virginia,51,2021,July,7,100136950
Virginia,51,2021,August,8,70300010
Virginia,51,2021,September,9,74625221
Virginia,51,2021,October,10,113638763
Virginia,51,2021,November,11,110235486
Virginia,51,2021,December,12,81637525
Virginia,51,2020,January,1,63453962
Virginia,51,2020,February,2,84871631
Virginia,51,2020,March,3,97584713
Virginia,51,2020,April,4,132949017
Virginia,51,2020,May,5,65145020
Virginia,51,2020,June,6,110040243
Virginia,51,2020,July,7,124741054
Virginia,51,2020,August,8,96864203
Virginia,51,2020,September,9,90331075
Virginia,51,2020,October,10,81228383
Virginia,51,2020,November,11,107646404
Virginia,51,2020,December,12,78827363
Washington,53,2022,January,1,54738695
Washington,53,2022,February,2,54498899
Washington,53,2022,March,3,62901007
Washington,53,2022,April,4,76847038
Washington,53,2022,May,5,73329873
Washington,53,2022,June,6,63183261
Washington,53,2022,July,7,77957359
Washington,53,2022,August,8,66892942
Washington,53,2022,September,9,58024594
Washington,53,2022,October,10,56717990
Washington,53,2022,November,11,61150764
Washington,53,2022,December,12,54308862
Washington,53,2021,January,1,58601337
Washington,53,2021,February,2,48035725
Washington,53,2021,March,3,60107913
Washington,53,2021,April,4,70158507
Washington,53,2021,May,5,62524241
Washington,53,2021,June,6,65957845
Washington,53,2021,July,7,73282549
Washington,53,2021,August,8,67573423
Washington,53,2021,September,9,62899712
Washington,53,2021,October,10,70582712
Washington,53,2021,November,11,64012715
Washington,53,2021,December,12,54950076
Washington,53,2020,January,1,61150794
Washington,53,2020,February,2,52550747
Washington,53,2020,March,3,54157960
Washington,53,2020,April,4,49820199
Washington,53,2020,May,5,60030543
Washington,53,2020,June,6,55283029
Washington,53,2020,July,7,65991224
Washington,53,2020,August,8,59208257
Washington,53,2020,September,9,59737156
Washington,53,2020,October,10,68555885
Washington,53,2020,November,11,53930004
Washington,53,2020,December,12,49070574
West Virginia,54,2022,January,1,56558533
West Virginia,54,2022,February,2,22845841
West Virginia,54,2022,March,3,33418943
West Virginia,54,2022,April,4,66437918
West Virginia,54,2022,May,5,33039527
West Virginia,54,2022,June,6,37718584
West Virginia,54,2022,July,7,55223332
West Virginia,54,2022,August,8,32900699
West Virginia,54,2022,September,9,39886511
West Virginia,54,2022,October,10,48273686
West Virginia,54,2022,November,11,39403978
West Virginia,54,2022,December,12,35467049
West Virginia,54,2021,January,1,56807840
West Virginia,54,2021,February,2,29833158
West Virginia,54,2021,March,3,38768383
West Virginia,54,2021,April,4,54985484
West Virginia,54,2021,May,5,28359126
West Virginia,54,2021,June,6,37311378
West Virginia,54,2021,July,7,62069632
West Virginia,54,2021,August,8,27130987
West Virginia,54,2021,September,9,38046321
West Virginia,54,2021,October,10,62120943
West Virginia,54,2021,November,11,27826254
West Virginia,54,2021,December,12,34654085
West Virginia,54,2020,January,1,38191894
West Virginia,54,2020,February,2,17840946
West Virginia,54,2020,March,3,33504627
West Virginia,54,2020,April,4,28265861
West Virginia,54,2020,May,5,26441831
West Virginia,54,2020,June,6,37492548
West Virginia,54,2020,July,7,51619462
West Virginia,54,2020,August,8,26046525
West Virginia,54,2020,September,9,35330392
West Virginia,54,2020,October,10,41496723
West Virginia,54,2020,November,11,26152494
West Virginia,54,2020,December,12,32478055
Wisconsin,55,2022,January,1,67690588
Wisconsin,55,2022,February,2,71602589
Wisconsin,55,2022,March,3,80773314
Wisconsin,55,2022,April,4,68524084
Wisconsin,55,2022,May,5,79198437
Wisconsin,55,2022,June,6,82688533
Wisconsin,55,2022,July,7,74658817
Wisconsin,55,2022,August,8,91469141
Wisconsin,55,2022,September,9,77069308
Wisconsin,55,2022,October,10,68092262
Wisconsin,55,2022,November,11,87580120
Wisconsin,55,2022,December,12,80809881
Wisconsin,55,2021,January,1,66539909
Wisconsin,55,2021,February,2,68075011
Wisconsin,55,2021,March,3,70988325
Wisconsin,55,2021,April,4,81748347
Wisconsin,55,2021,May,5,73669953
Wisconsin,55,2021,June,6,77702966
Wisconsin,55,2021,July,7,78735412
Wisconsin,55,2021,August,8,47609933
Wisconsin,55,2021,September,9,119782328
Wisconsin,55,2021,October,10,84882273
Wisconsin,55,2021,November,11,73164428
Wisconsin,55,2021,December,12,78795316
Wisconsin,55,2020,January,1,61352007
Wisconsin,55,2020,February,2,74054976
Wisconsin,55,2020,March,3,67415481
Wisconsin,55,2020,April,4,62943015
Wisconsin,55,2020,May,5,73499779
Wisconsin,55,2020,June,6,77332600
Wisconsin,55,2020,July,7,66142984
Wisconsin,55,2020,August,8,75605414
Wisconsin,55,2020,September,9,73353521
Wisconsin,55,2020,October,10,78643889
Wisconsin,55,2020,November,11,74694314
Wisconsin,55,2020,December,12,75286532
Wyoming,56,2022,January,1,17841565
Wyoming,56,2022,February,2,23443185
Wyoming,56,2022,March,3,27984049
Wyoming,56,2022,April,4,28889196
Wyoming,56,2022,May,5,28680452
Wyoming,56,2022,June,6,24222901
Wyoming,56,2022,July,7,32582064
Wyoming,56,2022,August,8,37224953
Wyoming,56,2022,September,9,34720551
Wyoming,56,2022,October,10,35521129
Wyoming,56,2022,November,11,30944716
Wyoming,56,2022,December,12,35673814
Wyoming,56,2021,January,1,17325165
Wyoming,56,2021,February,2,26123483
Wyoming,56,2021,March,3,33970768
Wyoming,56,2021,April,4,22132393
Wyoming,56,2021,May,5,22235580
Wyoming,56,2021,June,6,30427317
Wyoming,56,2021,July,7,35395407
Wyoming,56,2021,August,8,29871769
Wyoming,56,2021,September,9,38851329
Wyoming,56,2021,October,10,32765007
Wyoming,56,2021,November,11,31283278
Wyoming,56,2021,December,12,44756389
Wyoming,56,2020,January,1,27708122
Wyoming,56,2020,February,2,25982681
Wyoming,56,2020,March,3,30284697
Wyoming,56,2020,April,4,24799867
Wyoming,56,2020,May,5,27786785
Wyoming,56,2020,June,6,27929931
Wyoming,56,2020,July,7,27093341
Wyoming,56,2020,August,8,31440571
Wyoming,56,2020,September,9,29800031
Wyoming,56,2020,October,10,32278163
Wyoming,56,2020,November,11,39518548
Wyoming,56,2020,December,12,26608314
